Name,ph/s_ratio,Aeff_mean_LAT(cm2),Aeff_mean_COSI(cm2)
4FGL J2253.9+1609,6.137620372110148,6724.303285038783,79.7222330985686